<?xml version="1.0" encoding="utf-8" ?>
<manifest identifier="course_kovalev" 
          version="1.0" 
          xmlns="http://www.imsproject.org/xsd/imscp_rootv1p1p2" 
          xmlns:adlcp="http://www.adlnet.org/xsd/adlcp_rootv1p2" 
          xmlns:xsi="http://www.w3.org/2001/XMLSchema-instance">
    <metadata>
        <schema>ADL SCORM</schema>
        <schemaversion>1.2</schemaversion>
    </metadata>
    <organizations default="course_kovalev_organization">
        <organization identifier="course_kovalev_organization">
            <title>Тестовый курс от Ковалева Василия</title>
            <item identifier="course_kovalev_slide_01" 
                  identifierref="course_kovalev_slide_01_ref">
                <title>Слайд №1. Об авторе</title>
            </item>
            <item identifier="course_kovalev_slide_02" 
                  identifierref="course_kovalev_slide_02_ref">
                <title>Слайд №2. Методы виртуализации</title>
            </item>
            <item identifier="course_kovalev_slide_03" 
                  identifierref="course_kovalev_slide_03_ref">
                <title>Слайд №3. Особенности облачных сервисов</title>
            </item>
            <item identifier="course_kovalev_slide_04" 
                  identifierref="course_kovalev_slide_04_ref">
                <title>Слайд №4. Модели обслуживания</title>
            </item>
            <item identifier="course_kovalev_slide_05" 
                  identifierref="course_kovalev_slide_05_ref">
                <title>Слайд №5. Модели развёртывания</title>
            </item>
            <item identifier="course_kovalev_slide_06" 
                  identifierref="course_kovalev_slide_06_ref">
                <title>Слайд №6. Заключение</title>
            </item>
        </organization>
    </organizations>
    <resources>
        <resource identifier="course_kovalev_slide_01_ref" 
                  type="webcontent" 
                  href="resources/slide_01/index.html" 
                  adlcp:scormtype="sco">
        </resource>
        <resource identifier="course_kovalev_slide_02_ref" 
                  type="webcontent" 
                  href="resources/slide_02/index.html" 
                  adlcp:scormtype="sco">
        </resource>
        <resource identifier="course_kovalev_slide_03_ref" 
                  type="webcontent" 
                  href="resources/slide_03/index.html" 
                  adlcp:scormtype="sco">
        </resource>
        <resource identifier="course_kovalev_slide_04_ref" 
                  type="webcontent" 
                  href="resources/slide_04/index.html" 
                  adlcp:scormtype="sco">
        </resource>
        <resource identifier="course_kovalev_slide_05_ref" 
                  type="webcontent" 
                  href="resources/slide_05/index.html" 
                  adlcp:scormtype="sco">
        </resource>
        <resource identifier="course_kovalev_slide_06_ref" 
                  type="webcontent" 
                  href="resources/slide_06/index.html" 
                  adlcp:scormtype="sco">
        </resource>
    </resources>
</manifest>